place_id,canonical_name,chapter_index,chapter_title,cell_index,matched_aliases,close_reading_url,snippet
thoreau_main_street_home,Thoreau family house on Main Street,7,6: A Night at the Lyceum,38,Main Street; third-floor attic room,https://closereading.rahuldave.us/books/125/chapters/6967#cell-38,"...e remembered the library book he had checked out earlier that day. It sat on the desk in his third-floor attic room, its spine unopened, its pages uncut. It dealt with facts and observations, not abstractions, and it beckoned like a siren. After a short walk to his mother’s house on Main Street, he c..."
thoreau_main_street_home,Thoreau family house on Main Street,8,7: The Nick of Time,3,Main Street; attic study,https://closereading.rahuldave.us/books/125/chapters/6968#cell-3,"...ason, Thoreau descended from the third-story attic of his mother’s renovated yellow house on Main Street, put on a battered hat, and spent at least four hours sauntering (his word) through the woodlots and forests and pastures that surrounded Concord. Like a window-shopper strolling the bo..."
thoreau_main_street_home,Thoreau family house on Main Street,16,15: Wildfires,38,Main Street,https://closereading.rahuldave.us/books/125/chapters/6976#cell-38,"...nces of human activity. One day toward the end of March he left his mother’s yellow house on Main Street and walked several miles to the nearby town of Acton, where a forest fire had recently consumed a thousand acres of timber. Here was an opportunity to observe a landscape wiped clean, a..."
thoreau_main_street_home,Thoreau family house on Main Street,20,19: The Succession of Forest Trees,3,Main Street,https://closereading.rahuldave.us/books/125/chapters/6980#cell-3,"...two o’clock the weather had cleared enough to allow the marching band to escort a crowd down Main Street and into the Town Hall, where Thoreau delivered what became his most widely read piece of writing during his lifetime. “The Succession of Forest Trees” was soon reprinted in newspapers ..."
sanborn_house_sudbury_road,Franklin Sanborn / Channing-Fuller-Sanborn house candidate,2,1: The Book from Across the Atlantic,2,house on Sudbury Road,https://closereading.rahuldave.us/books/125/chapters/6962#cell-2,"The house on Sudbury Road belonged to Franklin Benjamin Sanborn, the schoolmaster of a small private academy in Concord, Massachusetts. It was sizable, but then so was Sanborn—so tall and lanky that a Concord fa..."
sanborn_house_sudbury_road,Franklin Sanborn / Channing-Fuller-Sanborn house candidate,2,1: The Book from Across the Atlantic,25,his home on Sudbury Road,https://closereading.rahuldave.us/books/125/chapters/6962#cell-25,"...Charles Loring Brace to the Concord train station. He sat at his desk on the second floor of his home on Sudbury Road and wrote the abolitionist minister Theodore Parker, who was in Italy at the moment. (Parker was trying to recover from tuberculosis, a disease that would kill him in several months.) S..."
sanborn_house_sudbury_road,Franklin Sanborn / Channing-Fuller-Sanborn house candidate,17,16: Discord in Concord,34,Sudbury Road,https://closereading.rahuldave.us/books/125/chapters/6977#cell-34,"A carriage was waiting on Sudbury Road, and the group lifted Sanborn off his feet and approached it. He smashed its door. According to Edward Emerson, who was one of the first to arrive at the scene, Sanborn, “encompassed by..."
concord_lyceum,Concord Town House / Concord Lyceum,0,Front Matter,81,the Lyceum,https://closereading.rahuldave.us/books/125/chapters/6960#cell-81,6 A Night at the Lyceum
concord_lyceum,Concord Town House / Concord Lyceum,5,4: Word of Mouth,14,Concord Lyceum,https://closereading.rahuldave.us/books/125/chapters/6965#cell-14,"...latives until New Year’s Day, when he was scheduled to lecture some twenty miles away at the Concord Lyceum. He took Gray’s copy of the *Origin *with him*, *reading it on the train and introducing the work to Sanborn, Alcott, and Thoreau over dinner. In a matter of days he had completely devo..."
concord_lyceum,Concord Town House / Concord Lyceum,7,6: A Night at the Lyceum,1,the Lyceum,https://closereading.rahuldave.us/books/125/chapters/6967#cell-1,A Night at the Lyceum
concord_lyceum,Concord Town House / Concord Lyceum,7,6: A Night at the Lyceum,2,Concord Lyceum,https://closereading.rahuldave.us/books/125/chapters/6967#cell-2,"...o Canada for the second time—Amos Bronson Alcott walked into town, ascended the steps of the Concord Lyceum, and took a seat near the podium. He clasped his gold-headed cane before him, nodded his head to neighbors and acquaintances. Whenever the opportunity presented itself, he talked."
concord_lyceum,Concord Town House / Concord Lyceum,7,6: A Night at the Lyceum,8,lyceum,https://closereading.rahuldave.us/books/125/chapters/6967#cell-8,"... these ministers, writers, and philosophers met in one another’s homes, attended sermons and lyceum lectures, and filled newspapers and journals with examples of the “New Thought.”"
concord_lyceum,Concord Town House / Concord Lyceum,7,6: A Night at the Lyceum,15,Concord Lyceum,https://closereading.rahuldave.us/books/125/chapters/6967#cell-15,"Now he sat in the Concord Lyceum, waiting to hear a lecture by Thomas Wentworth Higginson, the former minister and one of the most popular authors at the* Atlantic Monthly*. Higginson regularly contributed essays on ph..."
concord_lyceum,Concord Town House / Concord Lyceum,7,6: A Night at the Lyceum,16,The Lyceum; the Lyceum,https://closereading.rahuldave.us/books/125/chapters/6967#cell-16,"On this evening the Lyceum was filled to capacity. After all, Higginson had been closely involved in the Brown affair. He was a hypnotic speaker. Tall, handsome, and indifferent to danger, of all of Brown’s consp..."
concord_lyceum,Concord Town House / Concord Lyceum,8,7: The Nick of Time,16,lyceum,https://closereading.rahuldave.us/books/125/chapters/6968#cell-16,"...w a barbarous community and a civilized community can constitute one state,” he announced to lyceum audiences. “I think we must get rid of slavery, or we must get rid of freedom.” Political compromise was morally repugnant, contrary to logic: “We have attempted to hold together two st..."
concord_lyceum,Concord Town House / Concord Lyceum,8,7: The Nick of Time,22,Town Hall,https://closereading.rahuldave.us/books/125/chapters/6968#cell-22,"...l news from Virginia had been carried on a spring breeze. Two hundred people gathered in the Town Hall to listen to the solemn eulogies. Civic leaders refused to permit the bells of the First Church to mark the occasion, but Alcott believed “it was more fitting to signify our sorrow in t..."
concord_lyceum,Concord Town House / Concord Lyceum,15,14: A Jolt of Recognition,34,Concord Lyceum,https://closereading.rahuldave.us/books/125/chapters/6975#cell-34,"...incorporating ideas he derived from reading Darwin into a new lecture he was writing for the Concord Lyceum. That work was entitled “Wild Apples,” and it is arguably the first piece of literature on either side of the Atlantic to be inspired by the theory of natural selection."
concord_lyceum,Concord Town House / Concord Lyceum,16,15: Wildfires,30,Town Hall,https://closereading.rahuldave.us/books/125/chapters/6976#cell-30,"...on: beginning with the Apple in Eden and down to the wildings in Concord.” Alcott sat in the Town Hall and “listened with uninterrupted interest and delight” while Thoreau punned on Adam and Eve, on crab apples, on Johnny Appleseed. The lecture was a perfect example of Thoreau’s ability ..."
concord_lyceum,Concord Town House / Concord Lyceum,17,16: Discord in Concord,42,Town House,https://closereading.rahuldave.us/books/125/chapters/6977#cell-42,"...lcott, and Thomas Wentworth Higginson, who had come down from Worcester, gathered before the Town House and vowed to protect him “against any Senate’s office.”"
concord_lyceum,Concord Town House / Concord Lyceum,17,16: Discord in Concord,47,Town Hall,https://closereading.rahuldave.us/books/125/chapters/6977#cell-47,"The yard before the Town Hall filled with more cheers and applause, and Sanborn shook and rattled the manacles with greater force, his voice rising with indignation. The Southerners held the entire country as “much ..."
concord_lyceum,Concord Town House / Concord Lyceum,17,16: Discord in Concord,50,Town Hall,https://closereading.rahuldave.us/books/125/chapters/6977#cell-50,"These last words brought about the loudest cheers of all. The area before Town Hall was filled with women holding parasols, men in frock coats and top hats. They shouted and cajoled, clapped their hands. They jeered every time the South was mentioned. At that moment Fr..."
concord_lyceum,Concord Town House / Concord Lyceum,20,19: The Succession of Forest Trees,3,Town Hall,https://closereading.rahuldave.us/books/125/chapters/6980#cell-3,"...ad cleared enough to allow the marching band to escort a crowd down Main Street and into the Town Hall, where Thoreau delivered what became his most widely read piece of writing during his lifetime. “The Succession of Forest Trees” was soon reprinted in newspapers across the country, fir..."
concord_lyceum,Concord Town House / Concord Lyceum,24,23: The Ghost of John Brown,3,Concord Town Hall,https://closereading.rahuldave.us/books/125/chapters/6984#cell-3,"...and were shipped south to fight the secessionists. Louisa and her mother walked daily to the Concord Town Hall, where a society of women sewed “patriotic blue shirts” for the soldiers. “I long to be a man,” Louisa confessed to her diary, “but as I can’t fight, I will content myself with working ..."
concord_lyceum,Concord Town House / Concord Lyceum,25,24: In the Transcendental Graveyard,4,Town House,https://closereading.rahuldave.us/books/125/chapters/6985#cell-4,"...y this season, politics. On November 6, Alcott noted in his journal, he had ventured to the “Town House and cast my vote for Lincoln, and the Republican conventions . . . the first vote I have cast for a president.” Thoreau had done the same, and later that evening the two had cheered the..."
concord_lyceum,Concord Town House / Concord Lyceum,26,Notes,136,the Lyceum,https://closereading.rahuldave.us/books/125/chapters/6986#cell-136,Chapter 6: A Night at the Lyceum
concord_lyceum,Concord Town House / Concord Lyceum,27,Index,205,Concord Lyceum,https://closereading.rahuldave.us/books/125/chapters/6987#cell-205,"Concord Lyceum, [146](#pageMap_146)"
walden_cabin_site,Thoreau cabin site at Walden Pond,8,7: The Nick of Time,7,rough-hewn shack; seventy yards from the shore,https://closereading.rahuldave.us/books/125/chapters/6968#cell-7,"...of land Emerson owned near Walden Pond. In the most celebrated act of his career, he built a rough-hewn shack seventy yards from the shore and commenced his famous experiment to “live deep and suck out all the marrow of life, to live so sturdily and Spartan-like as to put to rout all that was n..."
walden_cabin_site,Thoreau cabin site at Walden Pond,8,7: The Nick of Time,8,his cabin,https://closereading.rahuldave.us/books/125/chapters/6968#cell-8,"...fforded him a writer’s most precious commodity: time. Each day he sat at the little table in his cabin and worked steadily on a book that would eventually become *A Week on the Concord and Merrimack Rivers,* a pastoral eulogy to his older brother John. Thoreau idealized his brother, who ..."
walden_cabin_site,Thoreau cabin site at Walden Pond,8,7: The Nick of Time,9,his cabin,https://closereading.rahuldave.us/books/125/chapters/6968#cell-9,"...e profound urge many of us feel to make our lives meaningful and worthwhile. Sitting outside his cabin while a chorus of bullfrogs or Canada geese filled the air, observing the subtle, rippling changes in the color of the pond—these pastimes were part of a larger project to fully inhabit..."
harvard_university,Harvard University / Harvard College,1,Preface,1,Harvard University,https://closereading.rahuldave.us/books/125/chapters/6961#cell-1,"...made a disproportionately large impact on American culture. That copy—which today resides at Harvard University—was sent by its author to Asa Gray, a botanist who soon championed the new theory to general and scientific audiences throughout America. Gray passed his heavily annotated book to Charl..."
harvard_university,Harvard University / Harvard College,3,2: Gray’s Botany,2,Harvard College,https://closereading.rahuldave.us/books/125/chapters/6963#cell-2,"...ord belonged to his cousin-by-marriage, Asa Gray, the Fisher Professor of Natural History at Harvard College and one of America’s most prominent scientists. In November, Gray had received a letter from a colleague in England informing him that Darwin’s “book is out & [has] created tremendous f..."
harvard_university,Harvard University / Harvard College,3,2: Gray’s Botany,3,Harvard,https://closereading.rahuldave.us/books/125/chapters/6963#cell-3,"...or gather a specimen for his vast herbarium. His mental stamina was even more impressive. At Harvard he routinely put in sixteen-hour days, chairing countless committees, meeting with students, pledging to write more books and articles than he ever hoped to complete, tending the colleg..."
harvard_university,Harvard University / Harvard College,3,2: Gray’s Botany,5,Harvard,https://closereading.rahuldave.us/books/125/chapters/6963#cell-5,"...twenty-eight when the Wilkes Expedition departed. By the time it returned, four years later, Harvard had hired him on the basis of his taxonomic gifts. Gray could effortlessly summon up thousands of Latin binomial names for plants. He possessed a stunning talent for identifying and cat..."
harvard_university,Harvard University / Harvard College,4,"3: Beetles, Birds, Theories",25,Harvard,https://closereading.rahuldave.us/books/125/chapters/6964#cell-25,Only then did Darwin recall the letter he had sent to his American friend at Harvard.
harvard_university,Harvard University / Harvard College,5,4: Word of Mouth,5,Harvard,https://closereading.rahuldave.us/books/125/chapters/6965#cell-5,"...rth Longfellow, an urbane presence in a lilac waistcoat; at the other end was Louis Agassiz, Harvard’s famous zoologist, smoking a cigar and savoring his glass of sauterne."
harvard_university,Harvard University / Harvard College,5,4: Word of Mouth,6,Harvard,https://closereading.rahuldave.us/books/125/chapters/6965#cell-6,"...1859. He had agreed to meet his friend and colleague Jeffries Wyman, a primate anatomist, at Harvard. Wyman was a gaunt, tubercular man with a nose as sharp as an eagle’s beak. He was famous among his students for lecturing beneath the skeleton of an enormous alligator he had reputedly..."
harvard_university,Harvard University / Harvard College,5,4: Word of Mouth,7,Harvard,https://closereading.rahuldave.us/books/125/chapters/6965#cell-7,"...orer. Among those in attendance were the poet James Russell Lowell, who taught literature at Harvard and edited the *Atlantic Monthly, *and the art historian Charles Eliot Norton, who had just finished translating Dante’s *Vita Nuova. *These men strolled through Boylston Hall, admiring..."
harvard_university,Harvard University / Harvard College,5,4: Word of Mouth,8,Harvard,https://closereading.rahuldave.us/books/125/chapters/6965#cell-8,"...ce smelled of formaldehyde. It was cluttered with bones and human skulls. (He also taught in Harvard’s medical school, sometimes with his physician brother Morrill.) In these quarters Gray began to discuss *On the Origin of Species.* To his surprise, Norton was already familiar with th..."
harvard_university,Harvard University / Harvard College,5,4: Word of Mouth,13,Harvard,https://closereading.rahuldave.us/books/125/chapters/6965#cell-13,"...nthusiasm that most people remembered him by. He had come to Cambridge to pay a visit to the Harvard Library, to call on his bright, funny cousin Jane Loring Gray, and to chat with her always-interesting husband. Asa Gray had long admired the young man’s father, an amateur botanist and..."
harvard_university,Harvard University / Harvard College,5,4: Word of Mouth,32,Harvard,https://closereading.rahuldave.us/books/125/chapters/6965#cell-32,"...e philosopher Chauncey Wright, one of those campus fixtures who haunted the lecture rooms at Harvard. Wright was twenty-nine and already making a name for himself as a mathematical prodigy, an unconventional thinker, and a contributor to the *North American Review *and other periodical..."
harvard_university,Harvard University / Harvard College,5,4: Word of Mouth,33,Harvard,https://closereading.rahuldave.us/books/125/chapters/6965#cell-33,"...rbed him; he read it dutifully but with trepidation. As soon as he passed his copy to Wyman, Harvard’s scholarly community waited to learn what the famously cautious anatomist would say. By January 10, the same day a pirated American edition was published in New York, Gray wrote Darwin..."
harvard_university,Harvard University / Harvard College,6,5: Making a Stir,4,Harvard,https://closereading.rahuldave.us/books/125/chapters/6966#cell-4,"...he flashes of insight coursing through Emerson’s works. In 1851, when he was nineteen and at Harvard, he decided to write the author. His journals were promptly filled with details of a new and worshipful friendship. “Called at Mr E-s,” he wrote in 1855, confiding that the two had disc..."
harvard_university,Harvard University / Harvard College,6,5: Making a Stir,5,Harvard,https://closereading.rahuldave.us/books/125/chapters/6966#cell-5,"In 1855, shortly after graduating from Harvard, Sanborn declared himself “a Theist in religion, a Transcendentalist in philosophy, an Abolitionist in politics. In a word, I am an ultra reformer on almost all points.” Emerson apparen..."
harvard_university,Harvard University / Harvard College,7,6: A Night at the Lyceum,11,Harvard,https://closereading.rahuldave.us/books/125/chapters/6967#cell-11,"... But the movement also met with fierce resistance from conservative thinkers. Francis Bowen, Harvard’s professor of religion and moral philosophy, complained that Emerson and his followers rejected “the aid of observation, and will not trust to experiment. The Baconian mode of discover..."
harvard_university,Harvard University / Harvard College,8,7: The Nick of Time,4,Harvard,https://closereading.rahuldave.us/books/125/chapters/6968#cell-4,"...after reading the works of his fellow villager Ralph Waldo Emerson, while still a student at Harvard. The precise circumstance of their first meeting is unknown. One account has Thoreau’s sister sending the eminent writer copies of her brother’s poetry. Another has Thoreau walking to B..."
harvard_university,Harvard University / Harvard College,8,7: The Nick of Time,8,Harvard,https://closereading.rahuldave.us/books/125/chapters/6968#cell-8,"...thers went hiking together; they fell in love with the same woman. When Henry graduated from Harvard, they founded a short-lived school together. In 1841 John began to show signs of tuberculosis, an often-fatal illness that affected as many as one in four of all New Englanders. But it ..."
harvard_university,Harvard University / Harvard College,9,8: Bones of Contention,2,Harvard,https://closereading.rahuldave.us/books/125/chapters/6969#cell-2,"...d from the Gold Coast of western Africa. These rumors were spread in part by Jeffries Wyman, Harvard’s comparative anatomist, who was president of the society and eager to share information about the creature. In the close-knit, cloistered world of Boston science, word quickly spread, ..."
harvard_university,Harvard University / Harvard College,9,8: Bones of Contention,6,Harvard,https://closereading.rahuldave.us/books/125/chapters/6969#cell-6,"...o members of the society that du Chaillu had generously donated several gorilla specimens to Harvard in the name of science. But his talk focused on the exhibit in New York, which contained “an extensive series from the quite young to the adult animal.” Of the fourteen specimens on dis..."
harvard_university,Harvard University / Harvard College,9,8: Bones of Contention,11,Harvard,https://closereading.rahuldave.us/books/125/chapters/6969#cell-11,"...wrote his English friend Joseph Dalton Hooker the following day. One of Gray’s colleagues at Harvard apparently “had read but part of” Darwin’s book. “He says it is *poor—very poor*!! (entre nous).” Rather than displeasing Gray, this news in fact made him giddy. “The fact he growls ove..."
harvard_university,Harvard University / Harvard College,9,8: Bones of Contention,12,Harvard,https://closereading.rahuldave.us/books/125/chapters/6969#cell-12,"...e vanity,” to keep “the splendid, magnificent letter,” and he relished the outrage of Gray’s Harvard colleague. “It is rich,” he wrote, “about Agassiz.”"
harvard_university,Harvard University / Harvard College,10,9: Agassiz,3,Harvard,https://closereading.rahuldave.us/books/125/chapters/6970#cell-3,"... brought recent scientific discoveries thrillingly to life. On the basis of these qualities, Harvard hired him, and by 1860 he was in the process of consolidating his formidable scientific reputation with an ambitious museum of comparative zoology. From the Commonwealth of Massachusett..."
harvard_university,Harvard University / Harvard College,10,9: Agassiz,9,Harvard,https://closereading.rahuldave.us/books/125/chapters/6970#cell-9,"...ng and “planned on a very high ground.” Back in Cambridge, where he was soon hired to direct Harvard’s new Lawrence Scientific School, Agassiz paid regular visits to Gray’s botanical gardens, perusing his colleague’s herbarium while he puffed on his ubiquitous cigar. He is “a good geni..."
harvard_university,Harvard University / Harvard College,12,11: A Spirited Conflict,19,Harvard,https://closereading.rahuldave.us/books/125/chapters/6972#cell-19,"It had long been an open secret at Harvard that Agassiz felt a visceral repulsion toward black people. His Swiss upbringing might have conditioned this attitude, which would have been reinforced when he studied with Cuvier, who ..."
harvard_university,Harvard University / Harvard College,23,22: At Down House,20,Harvard,https://closereading.rahuldave.us/books/125/chapters/6983#cell-20,"He had been at Harvard nearly thirty years. In all that time he had worked tirelessly to elevate American science, to expand the college’s herbarium and develop its science curriculum. He had written dozens a..."
harvard_university,Harvard University / Harvard College,23,22: At Down House,32,Harvard,https://closereading.rahuldave.us/books/125/chapters/6983#cell-32,"...aralysis soon struck, and nearly two months later, in January 1888, he died. At his funeral, Harvard’s preacher, Francis Greenwood Peabody, read a scriptural passage that provided a religious gloss to Darwin’s notion of the Tree of Life: *Every tree is known by its own fruit: a good ma..."
harvard_university,Harvard University / Harvard College,25,24: In the Transcendental Graveyard,33,Harvard,https://closereading.rahuldave.us/books/125/chapters/6985#cell-33,"*and to those libraries and archives that granted permission to quote and use images—*Harvard’s Houghton Library, Gray Herbarium, Ernst Mayer Library of the Museum of Comparative Zoology, and Countway Library of Medicine; the Concord Free Public Library; the New York Historical ..."
harvard_university,Harvard University / Harvard College,26,Notes,2,Harvard University,https://closereading.rahuldave.us/books/125/chapters/6986#cell-2,"**GH: **Gray Herbarium, Harvard University"
harvard_university,Harvard University / Harvard College,26,Notes,3,Harvard University,https://closereading.rahuldave.us/books/125/chapters/6986#cell-3,"**HL:** Amos Bronson Alcott Papers, Houghton Library, Harvard University"
harvard_university,Harvard University / Harvard College,26,Notes,4,Harvard University,https://closereading.rahuldave.us/books/125/chapters/6986#cell-4,"**MCZ: **Archives of the Museum of Comparative Zoology, Ernst Mayr Library, Harvard University"
harvard_university,Harvard University / Harvard College,26,Notes,16,Harvard University,https://closereading.rahuldave.us/books/125/chapters/6986#cell-16,"...rles Darwin, *On the Origin of Species: A Facsimile of the First Edition*. Cambridge, Mass.: Harvard University Press, 1964."
harvard_university,Harvard University / Harvard College,26,Notes,35,Harvard University,https://closereading.rahuldave.us/books/125/chapters/6986#cell-35,"...Trodd, *The Tribunal: Responses to John Brown and the Harpers Ferry Raid* (Cambridge, Mass.: Harvard University Press, 2012), 135."
harvard_university,Harvard University / Harvard College,26,Notes,72,Harvard University,https://closereading.rahuldave.us/books/125/chapters/6986#cell-72,"...raseInText42) Michael Rawson, *Eden on the Charles: The Making of Boston* (Cambridge, Mass.: Harvard University Press, 2011), 164."
harvard_university,Harvard University / Harvard College,26,Notes,74,Harvard University,https://closereading.rahuldave.us/books/125/chapters/6986#cell-74,"...) Joan Waugh, *Unsentimental Reformer: The Life of Josephine Shaw Lowell* (Cambridge, Mass.: Harvard University Press, 1997), 65."
harvard_university,Harvard University / Harvard College,26,Notes,83,Harvard University,https://closereading.rahuldave.us/books/125/chapters/6986#cell-83,"...lan Pred, *Urban Growth and City Systems in the United States, 1840–1860 *(Cambridge, Mass.: Harvard University Press, 1980), 30."
harvard_university,Harvard University / Harvard College,26,Notes,138,Harvard University,https://closereading.rahuldave.us/books/125/chapters/6986#cell-138,"...notePhraseInText106) Richard Benson Sewall, *The Life of Emily Dickinson *(Cambridge, Mass.: Harvard University Press, 1994), 5."
harvard_university,Harvard University / Harvard College,26,Notes,185,Harvard University,https://closereading.rahuldave.us/books/125/chapters/6986#cell-185,"...) Walter Johnson, *Soul by Soul: Life Inside the Antebellum Slave Market* (Cambridge, Mass.: Harvard University Press, 1999), 16, 2."
harvard_university,Harvard University / Harvard College,26,Notes,326,Harvard University,https://closereading.rahuldave.us/books/125/chapters/6986#cell-326,"...Trodd, *The Tribunal: Responses to John Brown and the Harpers Ferry Raid* (Cambridge, Mass.: Harvard University Press, 2012), 55."
harvard_university,Harvard University / Harvard College,26,Notes,620,Harvard University,https://closereading.rahuldave.us/books/125/chapters/6986#cell-620,"Alcott, Amos Bronson. “Diary,” 1860, 1861. Houghton Library, Harvard University."
harvard_university,Harvard University / Harvard College,26,Notes,669,Harvard University,https://closereading.rahuldave.us/books/125/chapters/6986#cell-669,"———. *On the Origin of Species: A Facsimile of the First Edition*. Cambridge, Mass.: Harvard University Press, 1964."
harvard_university,Harvard University / Harvard College,26,Notes,690,Harvard University,https://closereading.rahuldave.us/books/125/chapters/6986#cell-690,"... and Miscellaneous Notebooks of Ralph Waldo Emerson, *vol. 5, *1835–1838*. Cambridge, Mass.: Harvard University Press, 1965."
harvard_university,Harvard University / Harvard College,26,Notes,693,Harvard University,https://closereading.rahuldave.us/books/125/chapters/6986#cell-693,"...Prose of Ralph Waldo Emerson*. Edited by Ronald A. Bosco and Joel Myerson. Cambridge, Mass.: Harvard University Press, 2015."
harvard_university,Harvard University / Harvard College,26,Notes,719,Harvard University,https://closereading.rahuldave.us/books/125/chapters/6986#cell-719,"Johnson, Walter. *Soul by Soul: Life Inside the Antebellum Slave Market*. Cambridge, Mass.: Harvard University Press, 1999."
harvard_university,Harvard University / Harvard College,26,Notes,744,Harvard University,https://closereading.rahuldave.us/books/125/chapters/6986#cell-744,"Numbers, Ronald L. *Darwinism Comes to America*. Cambridge, Mass.: Harvard University Press, 1998."
harvard_university,Harvard University / Harvard College,26,Notes,752,Harvard University,https://closereading.rahuldave.us/books/125/chapters/6986#cell-752,"Rawson, Michael. *Eden on the Charles: The Making of Boston*. Cambridge, Mass.: Harvard University Press, 2011."
harvard_university,Harvard University / Harvard College,26,Notes,770,Harvard University,https://closereading.rahuldave.us/books/125/chapters/6986#cell-770,"Sewall, Richard Benson. *The Life of Emily Dickinson*. Cambridge, Mass.: Harvard University Press, 1994."
harvard_university,Harvard University / Harvard College,26,Notes,775,Harvard University,https://closereading.rahuldave.us/books/125/chapters/6986#cell-775,"...Trodd. *The Tribunal: Responses to John Brown and the Harpers Ferry Raid*. Cambridge, Mass.: Harvard University Press, 2012."
harvard_university,Harvard University / Harvard College,27,Index,22,Harvard,https://closereading.rahuldave.us/books/125/chapters/6987#cell-22,"at Harvard, [84](#pageMap_84), [86](#pageMap_86), [112](#pageMap_112)"
harvard_university,Harvard University / Harvard College,27,Index,295,Harvard,https://closereading.rahuldave.us/books/125/chapters/6987#cell-295,"Harvard and, [54](#pageMap_54)–55"
harvard_university,Harvard University / Harvard College,27,Index,366,Harvard,https://closereading.rahuldave.us/books/125/chapters/6987#cell-366,"at Harvard, [13](#pageMap_13)–15, [28](#pageMap_28), [33](#pageMap_33), [225](#pageMap_225)"
harvard_university,Harvard University / Harvard College,27,Index,387,Harvard University,https://closereading.rahuldave.us/books/125/chapters/6987#cell-387,"Harvard University, [9](#pageMap_9), [30](#pageMap_30), [31](#pageMap_31), [40](#pageMap_40), [44](#pageMap_44), [54](#pageMap_54), [64](#pageMap_64), [79](#pageMap_79), [81](#pageMap_81), [83](#pageMap_8..."
walden_pond,Walden Pond,2,1: The Book from Across the Atlantic,5,Walden,https://closereading.rahuldave.us/books/125/chapters/6962#cell-5,"...n’s dinner party cared little for New York City or its burgeoning population of orphans. In *Walden, or Life in the Woods, *published five years earlier, he complained that his fellow citizens routinely asked him “what portion of my income I devoted to charitable purposes” and “how ma..."
walden_pond,Walden Pond,2,1: The Book from Across the Atlantic,27,Walden,https://closereading.rahuldave.us/books/125/chapters/6962#cell-27,"...them to his own research in the forests of his native Massachusetts. Five years earlier, in *Walden, *he had written: “To read well, that is, to read true books in a true spirit, is a noble exercise.” Soon after Sanborn’s dinner, he noted in his journal, “A man receives only what he i..."
walden_pond,Walden Pond,6,5: Making a Stir,4,Walden,https://closereading.rahuldave.us/books/125/chapters/6966#cell-4,"...Tonight we had a call from Mr Thoreau, who came at eight and staid till ten.” The author of *Walden, *he thought, “looks eminently *sagacious*—like a sort of wise wild beast.”"
walden_pond,Walden Pond,6,5: Making a Stir,6,Walden Pond,https://closereading.rahuldave.us/books/125/chapters/6966#cell-6,"...ies. For instance, Henry David Thoreau led students on excursions into the woods surrounding Walden Pond, where he taught them the names of plants and animals. Picnics were a regular feature. So were elaborately costumed melodramas, some of them written by Louisa May Alcott, whose younger ..."
walden_pond,Walden Pond,7,6: A Night at the Lyceum,17,Walden,https://closereading.rahuldave.us/books/125/chapters/6967#cell-17,"Higginson may have remembered Thoreau’s comment about these people in *Walden *(he admired Thoreau above all other writers): “Darwin, the naturalist, says of the inhabitants of Tierra del Fuego, that while his own party, who were well clothed and sitting close to..."
walden_pond,Walden Pond,7,6: A Night at the Lyceum,38,Walden,https://closereading.rahuldave.us/books/125/chapters/6967#cell-38,"At some point Thoreau excused himself from the conversation. In *Walden *he admiringly called Alcott one “of the last of the philosophers,—Connecticut gave him to the world,—he peddled first her wares, afterwards, as he declares, his brains.” Thoreau respec..."
walden_pond,Walden Pond,8,7: The Nick of Time,7,Walden Pond,https://closereading.rahuldave.us/books/125/chapters/6968#cell-7,"...materialism. Prompted by the statement, Thoreau moved to a parcel of land Emerson owned near Walden Pond. In the most celebrated act of his career, he built a rough-hewn shack seventy yards from the shore and commenced his famous experiment to “live deep and suck out all the marrow of life..."
walden_pond,Walden Pond,8,7: The Nick of Time,8,Walden,https://closereading.rahuldave.us/books/125/chapters/6968#cell-8,The two years at Walden made him a writer. It afforded him a writer’s most precious commodity: time. Each day he sat at the little table in his cabin and worked steadily on a book that would eventually become ...
walden_pond,Walden Pond,8,7: The Nick of Time,9,Walden,https://closereading.rahuldave.us/books/125/chapters/6968#cell-9,"Two years on Emerson’s woodlot would provide him with the material for his masterpiece, *Walden,* a book still cherished by countless readers who admire its nonconformist vision and evident love of nature. All of us dream of escape from our quotidian lives, and Thoreau’s decision ..."
walden_pond,Walden Pond,8,7: The Nick of Time,17,Walden Pond,https://closereading.rahuldave.us/books/125/chapters/6968#cell-17,"...au was even more extreme in his response to slavery. On July 23, 1846, while still living at Walden Pond, he walked into town and was accosted by Sam Staples, the local tax collector. Thoreau was six years delinquent on his poll taxes. He refused to pay because he opposed the Mexican-Ameri..."
walden_pond,Walden Pond,8,7: The Nick of Time,24,Walden,https://closereading.rahuldave.us/books/125/chapters/6968#cell-24,"...y so well known is Thoreau the scientist. Sometime in the early 1850s, several years before *Walden *was published, Thoreau began a new career and a new identity. He had always been obsessed with the workings of nature, with identifying new birds or plants. He delighted in the smell o..."
walden_pond,Walden Pond,15,14: A Jolt of Recognition,4,Walden,https://closereading.rahuldave.us/books/125/chapters/6975#cell-4,"... also admired Darwin’s genius for experimentation. Thoreau had described his own efforts in *Walden *to disprove the local myth that the pond was of unusual depth. With a stone tied to the end of a cod line, he “could tell accurately when the stone left the bottom, by having to pull s..."
walden_pond,Walden Pond,15,14: A Jolt of Recognition,5,Walden; Walden Pond,https://closereading.rahuldave.us/books/125/chapters/6975#cell-5,"...ness of nature, but it also corroborated many of Thoreau’s own observations. While living on Walden Pond, he had tried to discover the “unbroken harmony” of the environment, the “celestial dews” and “depth and purity” of the ponds. “Lying between the earth and heavens,” he wrote, Walden “p..."
walden_pond,Walden Pond,15,14: A Jolt of Recognition,8,Walden,https://closereading.rahuldave.us/books/125/chapters/6975#cell-8,...native seeds to new locations. The question he was trying to answer was one he had asked in *Walden: *“Why do precisely these objects which we behold make a world?” Thoreau wanted to understand how the oak and pine woods surrounding Concord had sprung into existence. Why did this loca...
walden_pond,Walden Pond,15,14: A Jolt of Recognition,15,Walden,https://closereading.rahuldave.us/books/125/chapters/6975#cell-15,"...ted in a style that was not just scientific but something we would now call *Darwinian*. In *Walden, *Thoreau had described a natural world prodigious in death: “I love to see that Nature is so rife with life that myriads can be afforded to be sacrificed and suffered to prey on one an..."
walden_pond,Walden Pond,15,14: A Jolt of Recognition,33,Walden,https://closereading.rahuldave.us/books/125/chapters/6975#cell-33,"...him to determine if Darwin’s theories held true in the natural environs he knew so well. In *Walden *he had precipitously leaped into wishful hypothesizing, drawing from a bank of thawing mud all sorts of conclusions about the human and the divine. The spreadsheets presented something..."
walden_pond,Walden Pond,16,15: Wildfires,36,Walden,https://closereading.rahuldave.us/books/125/chapters/6976#cell-36,"... determine why “precisely these objects which we behold make a world,” as he had written in *Walden.* The passage in the *Origin *also reinforced the idea that such histories were provisional and unpredictable. Each living thing contained the potential for countless actions and reacti..."
walden_pond,Walden Pond,18,17: Moods,16,Walden,https://closereading.rahuldave.us/books/125/chapters/6978#cell-16,"... pausing to observe a war between red and black ants (Louisa’s nod to a similar incident in *Walden*), they come upon a forest fire much like the one Thoreau had recently visited outside Acton. “Many acres were burning,” Louisa wrote, “the air was full of the rush and roar of the vict..."
walden_pond,Walden Pond,22,21: A Cold Shudder,39,Walden,https://closereading.rahuldave.us/books/125/chapters/6982#cell-39,The passage bears a striking resemblance to Thoreau’s description of the “sand foliage” in *Walden. *It shares Thoreau’s desire to find a deep underlying law in the seemingly random occurrences of water and soil. But in Gray’s analogy the unpredictable movement of streams down a hill...
walden_pond,Walden Pond,25,24: In the Transcendental Graveyard,2,Walden Pond,https://closereading.rahuldave.us/books/125/chapters/6985#cell-2,"...to enter the woods. He walked south to Fair Haven Hill, a sloping promontory that overlooked Walden Pond, and counted the rings of trees that had recently been cut for firewood. Since October he had been engaged in this exercise of dendrochronology, visiting one woodlot after another, tryi..."
walden_pond,Walden Pond,25,24: In the Transcendental Graveyard,19,Walden,https://closereading.rahuldave.us/books/125/chapters/6985#cell-19,"... he tried intermittently to venture into the woods, to visit the placid blue-green waters of Walden, to sit outside and absorb the sunlight. More often than not weakness assailed him, and he was forced to turn back. His cough grew worse. Alcott visited his friend and observed that bei..."
walden_pond,Walden Pond,25,24: In the Transcendental Graveyard,20,Walden,https://closereading.rahuldave.us/books/125/chapters/6985#cell-20,"...e* Atlantic.* By the following spring he was a wraith. In March 1862 he wrote an admirer of *Walden,* “I *suppose *that I have not many months to live; but, of course, I know nothing about it. I may add that I am enjoying existence as much as ever, and regret nothing.” A friend, Sam S..."
walden_pond,Walden Pond,25,24: In the Transcendental Graveyard,27,Walden,https://closereading.rahuldave.us/books/125/chapters/6985#cell-27,"...branches just beyond the field of stumps. Then a drop or two struck the brim of his hat. In *Walden *he described a spring day when he had felt unaccountably lonesome in the quiet solitude of the woods. It had begun to rain, and with this change in atmosphere, his perspective had mira..."
walden_pond,Walden Pond,26,Notes,11,Walden,https://closereading.rahuldave.us/books/125/chapters/6986#cell-11,"*HDT:* Henry David Thoreau,* A Week on the Concord and Merrimack Rivers / Walden; or Life in the Woods / The Maine Woods / Cape Cod. *New York: Library of America, 1985."
walden_pond,Walden Pond,26,Notes,178,Walden,https://closereading.rahuldave.us/books/125/chapters/6986#cell-178,"...Thoreau’s arm”](#EndnotePhraseInText145) Kevin MacDonnell, “Collecting Henry David Thoreau,” Walden Woods Project, http://bit.ly/1OLGYEq."
walden_pond,Walden Pond,26,Notes,786,Walden,https://closereading.rahuldave.us/books/125/chapters/6986#cell-786,"———. *A Week on the Concord and Merrimack Rivers / Walden; Or, Life in the Woods / The Maine Woods / Cape Cod*. New York: Library of America, 1985."
walden_pond,Walden Pond,27,Index,203,Walden Pond,https://closereading.rahuldave.us/books/125/chapters/6987#cell-203,"Walden Pond, [45](#pageMap_45), [65](#pageMap_65), [69](#pageMap_69), [137](#pageMap_137)–38, [142](#pageMap_142), [242](#pageMap_242)"
walden_pond,Walden Pond,27,Index,782,Walden,https://closereading.rahuldave.us/books/125/chapters/6987#cell-782,"*Walden,* [5](#pageMap_5), [11](#pageMap_11)–12, [56](#pageMap_56), [62](#pageMap_62), [65](#pageMap_65), [66](#pageMap_66), [71](#pageMap_71), [137](#pageMap_137), [139](#pageMap_139), [141](#..."
walden_pond,Walden Pond,27,Index,783,Walden Pond,https://closereading.rahuldave.us/books/125/chapters/6987#cell-783,"at Walden Pond, [45](#pageMap_45), [65](#pageMap_65), [69](#pageMap_69), [137](#pageMap_137)–38, [142](#pageMap_142), [242](#pageMap_242)"
walden_pond,Walden Pond,27,Index,807,Walden,https://closereading.rahuldave.us/books/125/chapters/6987#cell-807,"*Walden* (Thoreau), [5](#pageMap_5), [11](#pageMap_11)–12, [56](#pageMap_56), [62](#pageMap_62), [65](#pageMap_65), [66](#pageMap_66), [71](#pageMap_71), [137](#pageMap_137), [139](#pageMap_139..."
walden_pond,Walden Pond,27,Index,808,Walden Pond,https://closereading.rahuldave.us/books/125/chapters/6987#cell-808,"Walden Pond, [45](#pageMap_45), [65](#pageMap_65), [69](#pageMap_69), [137](#pageMap_137)–38, [142](#pageMap_142), [242](#pageMap_242)"
down_house,Down House,0,Front Matter,100,Down House,https://closereading.rahuldave.us/books/125/chapters/6960#cell-100,22 At Down House
down_house,Down House,5,4: Word of Mouth,33,Down House,https://closereading.rahuldave.us/books/125/chapters/6965#cell-33,"...ly become one of Darwin’s closest American friends, visiting the scientist numerous times at Down House after the Civil War, but in 1860 he remained uncertain about the new book. The *Origin* stimulated and disturbed him; he read it dutifully but with trepidation. As soon as he passed his..."
down_house,Down House,22,21: A Cold Shudder,2,Down House,https://closereading.rahuldave.us/books/125/chapters/6982#cell-2,"...he path he called the Sand Walk, a trail that skirted a sun-dappled grove near the garden at Down House. He strolled with hands clasped loosely behind his back, head down, pondering."
down_house,Down House,23,22: At Down House,1,Down House,https://closereading.rahuldave.us/books/125/chapters/6983#cell-1,At Down House
down_house,Down House,23,22: At Down House,5,Down House,https://closereading.rahuldave.us/books/125/chapters/6983#cell-5,...xamined Darwin’s garden and sat in the dim study he had fashioned for himself on one side of Down House. They dined together. It is likely that they discussed the topic Darwin had scrupulously left out of the *Origin*—the evolutionary relationship between people and animals. Two years lat...
down_house,Down House,23,22: At Down House,19,Down House,https://closereading.rahuldave.us/books/125/chapters/6983#cell-19,"...al Botanical Gardens, and study sedges from around the world. On weekends the couple visited Down House. Gray found Darwin’s household bustling with extended family and a stream of scientists and writers—even the occasional politician—all of whom wished to speak with the great man. Accord..."
down_house,Down House,26,Notes,540,Down House,https://closereading.rahuldave.us/books/125/chapters/6986#cell-540,Chapter 22: At Down House
emerson_house_concord,Ralph Waldo Emerson House,7,6: A Night at the Lyceum,11,white frame house,https://closereading.rahuldave.us/books/125/chapters/6967#cell-11,"...women were drawn to Emerson’s message of spiritual freedom and social nonconformity, and his white frame house in Concord quickly became their headquarters. But the movement also met with fierce resistance from conservative thinkers. Francis Bowen, Harvard’s professor of religion and moral philo..."
emerson_house_concord,Ralph Waldo Emerson House,7,6: A Night at the Lyceum,23,white clapboard house,https://closereading.rahuldave.us/books/125/chapters/6967#cell-23,"...ginson’s talk. As soon as it was over, he walked with Alcott along the Lexington Road to the white clapboard house that belonged to their mutual friend, Ralph Waldo Emerson. Emerson was gone—his annual lecture tour had taken him to western New York—but the rest of his family was present, as well as ..."
emerson_house_concord,Ralph Waldo Emerson House,8,7: The Nick of Time,5,Emerson family,https://closereading.rahuldave.us/books/125/chapters/6968#cell-5,"...eau to live in his home. Later that decade Thoreau moved in again, this time to care for the Emerson family while the older man traveled through Europe on a speaking tour. For his part, Thoreau identified with Emerson to such a degree that he became the subject of local ridicule. One contempo..."
emerson_house_concord,Ralph Waldo Emerson House,17,16: Discord in Concord,12,Emerson family,https://closereading.rahuldave.us/books/125/chapters/6977#cell-12,"...couraged her to read the new book. Later in the year, at a Thanksgiving dinner hosted by the Emerson family, she and the chemist Charles Jackson (Lidian Emerson’s brother) discussed whether Darwin’s theory was truly original or merely a restatement of older notions of metamorphosis."
sleepy_hollow_cemetery_concord,"Sleepy Hollow Cemetery, Concord",0,Front Matter,102,Transcendental Graveyard,https://closereading.rahuldave.us/books/125/chapters/6960#cell-102,24 In the Transcendental Graveyard
sleepy_hollow_cemetery_concord,"Sleepy Hollow Cemetery, Concord",24,23: The Ghost of John Brown,25,transcendental graveyard,https://closereading.rahuldave.us/books/125/chapters/6984#cell-25,"...es, Sanborn became the self-appointed caretaker of the past, a solitary groundskeeper in the transcendental graveyard. Increasingly referred to as the “last transcendentalist,” he wrote a series of adulatory and often inaccurate reminiscences of the giants of his youth: Emerson, Alcott, Thoreau, Hawtho..."
sleepy_hollow_cemetery_concord,"Sleepy Hollow Cemetery, Concord",25,24: In the Transcendental Graveyard,1,Transcendental Graveyard,https://closereading.rahuldave.us/books/125/chapters/6985#cell-1,In the Transcendental Graveyard
sleepy_hollow_cemetery_concord,"Sleepy Hollow Cemetery, Concord",26,Notes,590,Transcendental Graveyard,https://closereading.rahuldave.us/books/125/chapters/6986#cell-590,Chapter 24: In the Transcendental Graveyard
childrens_aid_society_nyc,"Children's Aid Society, New York",2,1: The Book from Across the Atlantic,3,Children’s Aid Society,https://closereading.rahuldave.us/books/125/chapters/6962#cell-3,... before Brace himself embarked on the single greatest creative act of his life: founding the Children’s Aid Society. Brace established a Newsboys’ Lodging House to provide safe accommodations for the filthy army of homeless boys who sold newspapers throughout the city. In 1854 he began the program fo...
childrens_aid_society_nyc,"Children's Aid Society, New York",2,1: The Book from Across the Atlantic,5,Children’s Aid Society,https://closereading.rahuldave.us/books/125/chapters/6962#cell-5,"...rowness of my experience.” Thoreau came to Sanborn’s house that night not to learn about the Children’s Aid Society or the immigrant population that made such charities necessary. He came because he had nothing better to do, because it was the first day of 1860, and because he liked to banter with Al..."
childrens_aid_society_nyc,"Children's Aid Society, New York",2,1: The Book from Across the Atlantic,26,Children’s Aid Society,https://closereading.rahuldave.us/books/125/chapters/6962#cell-26,...al role in the moral life of humans. It reaffirmed insights he had gained as director of the Children’s Aid Society. And it seemed to offer a solution to the entrenched problems of race and slavery.
childrens_aid_society_nyc,"Children's Aid Society, New York",5,4: Word of Mouth,19,Children’s Aid Society,https://closereading.rahuldave.us/books/125/chapters/6965#cell-19,"...ed, the suffering of Five Points might one day be alleviated. To this end, Brace founded the Children’s Aid Society in 1853 to help “the destitute children of New York . . . by forming lodging houses and reading-rooms for children.” The plan was to get children off the street, to provide an education..."
childrens_aid_society_nyc,"Children's Aid Society, New York",14,13: Tree of Life,13,Children’s Aid Society,https://closereading.rahuldave.us/books/125/chapters/6974#cell-13,"Earlier that year a visitor had appeared at the office of the Children’s Aid Society: a wizened black boy, solemn and shy. Brace sat the child down and learned that his name was Edward. That his parents were drunkards. That he had worked odd jobs in a soap factory, had ..."
childrens_aid_society_nyc,"Children's Aid Society, New York",17,16: Discord in Concord,8,Children’s Aid Society,https://closereading.rahuldave.us/books/125/chapters/6977#cell-8,"...te February at New York’s Cooper Union, which stood a block away from Charles Loring Brace’s Children’s Aid Society. A Westerner from humble origins, a melancholy autodidact, Lincoln’s provincial manners concealed a shrewd strategist who grasped that the only way to win the general election was to ex..."
childrens_aid_society_nyc,"Children's Aid Society, New York",23,22: At Down House,15,Children’s Aid Society,https://closereading.rahuldave.us/books/125/chapters/6983#cell-15,"In July 1872 Brace took a well-deserved vacation from the Children’s Aid Society and traveled abroad. He stopped in England to visit the man who had transformed his intellectual life a dozen years earlier. “I am at Darwin’s with Mrs. Brace for the night,” he wrote a..."
childrens_aid_society_nyc,"Children's Aid Society, New York",26,Notes,6,Children’s Aid Society,https://closereading.rahuldave.us/books/125/chapters/6986#cell-6,"**NYHS: **The Victor Remer Historical Archives of the Children’s Aid Society, New-York Historical Society"
childrens_aid_society_nyc,"Children's Aid Society, New York",26,Notes,98,Children’s Aid Society,https://closereading.rahuldave.us/books/125/chapters/6986#cell-98,"[“the innocent victim”](#EndnotePhraseInText68) CLB, “Children’s Aid Society Seventh Annual Report,” 3, NYHS."
childrens_aid_society_nyc,"Children's Aid Society, New York",26,Notes,643,Children’s Aid Society,https://closereading.rahuldave.us/books/125/chapters/6986#cell-643,"Brace, Charles Loring. “Diary 1853–55.” Children’s Aid Society Archive, New-York Historical Society, 55 1853."
childrens_aid_society_nyc,"Children's Aid Society, New York",26,Notes,644,Children’s Aid Society,https://closereading.rahuldave.us/books/125/chapters/6986#cell-644,"———. *Children’s Aid Society Seventh Annual Report,* 1860."
childrens_aid_society_nyc,"Children's Aid Society, New York",27,Index,132,Children’s Aid Society,https://closereading.rahuldave.us/books/125/chapters/6987#cell-132,"Children’s Aid Society of, [4](#pageMap_4), [5](#pageMap_5), [11](#pageMap_11), [35](#pageMap_35), [131](#pageMap_131)–32, [163](#pageMap_163), [224](#pageMap_224)"
childrens_aid_society_nyc,"Children's Aid Society, New York",27,Index,178,Children’s Aid Society,https://closereading.rahuldave.us/books/125/chapters/6987#cell-178,"Children’s Aid Society, [4](#pageMap_4), [5](#pageMap_5), [11](#pageMap_11), [35](#pageMap_35), [131](#pageMap_131)–32, [163](#pageMap_163), [224](#pageMap_224)"
asa_gray_house,Asa Gray House / Harvard botany setting,3,2: Gray’s Botany,3,Botanical Gardens; herbarium,https://closereading.rahuldave.us/books/125/chapters/6963#cell-3,"...cheese and apples, stopping now and then to sketch a plant or gather a specimen for his vast herbarium. His mental stamina was even more impressive. At Harvard he routinely put in sixteen-hour days, chairing countless committees, meeting with students, pledging to write more books and ar..."
asa_gray_house,Asa Gray House / Harvard botany setting,4,"3: Beetles, Birds, Theories",20,herbarium,https://closereading.rahuldave.us/books/125/chapters/6964#cell-20,"...his time they lunched with Joseph Hooker at the Royal Botanic Gardens at Kew, the celebrated herbarium created by Hooker’s father, Sir William. In the interim Gray had married a Boston woman, Jane Loring, who accompanied him on this trip and recorded her impression that Darwin was a “liv..."
asa_gray_house,Asa Gray House / Harvard botany setting,8,7: The Nick of Time,29,herbarium,https://closereading.rahuldave.us/books/125/chapters/6968#cell-29,...d to his deceased father. He used this volume to press plants and flowers for his burgeoning herbarium.
asa_gray_house,Asa Gray House / Harvard botany setting,10,9: Agassiz,9,botanical gardens; herbarium,https://closereading.rahuldave.us/books/125/chapters/6970#cell-9,"...ed to direct Harvard’s new Lawrence Scientific School, Agassiz paid regular visits to Gray’s botanical gardens, perusing his colleague’s herbarium while he puffed on his ubiquitous cigar. He is “a good genial fellow,” Gray repeated a year or so later—but this time he hinted at troubles to come. ..."
asa_gray_house,Asa Gray House / Harvard botany setting,12,11: A Spirited Conflict,17,herbarium,https://closereading.rahuldave.us/books/125/chapters/6972#cell-17,"...ng to the construction of plausible hypotheses, to sound conclusions. The cabinets of Gray’s herbarium—stuffed with tens of thousands of dried plants, each neatly labeled, each examined beneath his microscope and studied for affinities and slight variations—were the repositories of facts..."
asa_gray_house,Asa Gray House / Harvard botany setting,23,22: At Down House,19,Botanical Gardens,https://closereading.rahuldave.us/books/125/chapters/6983#cell-19,"... he could breakfast with his old friend, Joseph Dalton Hooker, now the director of the Royal Botanical Gardens, and study sedges from around the world. On weekends the couple visited Down House. Gray found Darwin’s household bustling with extended family and a stream of scientists and writers—ev..."
asa_gray_house,Asa Gray House / Harvard botany setting,23,22: At Down House,20,herbarium,https://closereading.rahuldave.us/books/125/chapters/6983#cell-20,"... all that time he had worked tirelessly to elevate American science, to expand the college’s herbarium and develop its science curriculum. He had written dozens and dozens of articles and numerous monographs. He continued this work throughout the Civil War and the unimaginable carnage th..."
asa_gray_house,Asa Gray House / Harvard botany setting,25,24: In the Transcendental Graveyard,33,Herbarium,https://closereading.rahuldave.us/books/125/chapters/6985#cell-33,"...d archives that granted permission to quote and use images—*Harvard’s Houghton Library, Gray Herbarium, Ernst Mayer Library of the Museum of Comparative Zoology, and Countway Library of Medicine; the Concord Free Public Library; the New York Historical Society; the spectacular Berg Colle..."
asa_gray_house,Asa Gray House / Harvard botany setting,26,Notes,2,Herbarium,https://closereading.rahuldave.us/books/125/chapters/6986#cell-2,"**GH: **Gray Herbarium, Harvard University"
middlesex_agricultural_society,Middlesex Agricultural Society fair and exhibition hall,5,4: Word of Mouth,8,exhibition hall,https://closereading.rahuldave.us/books/125/chapters/6965#cell-8,"...chilly as the gallery of a Roman palace in February,” prompting the small group to leave the exhibition hall and to walk “down into Wyman’s working-room . . . round the fire.” Wyman’s office smelled of formaldehyde. It was cluttered with bones and human skulls. (He also taught in Harvard’s med..."
middlesex_agricultural_society,Middlesex Agricultural Society fair and exhibition hall,9,8: Bones of Contention,5,exhibition hall,https://closereading.rahuldave.us/books/125/chapters/6969#cell-5,"...Chaillu stayed at the Five Points Mission (he was practically destitute) and opened a modest exhibition hall on Broadway, where he displayed spears and shields from various tribes within the African interior and brightly colored birds he had shot in equatorial jungles. “But the guardian genius..."
middlesex_agricultural_society,Middlesex Agricultural Society fair and exhibition hall,9,8: Bones of Contention,7,exhibition hall,https://closereading.rahuldave.us/books/125/chapters/6969#cell-7,"While in du Chaillu’s exhibition hall, Wyman did what every anatomist of his generation would have done: he measured the volume of each creature’s skull. The process was simple; one loaded an empty skull with shot, sand, or..."
middlesex_agricultural_society,Middlesex Agricultural Society fair and exhibition hall,10,9: Agassiz,3,exhibition hall,https://closereading.rahuldave.us/books/125/chapters/6970#cell-3,"...f animal, Agassiz explained, “to which we ourselves belong.” Although not yet completed, the exhibition hall would eventually culminate in a display “of men, skulls, skeletons, &c., for the study of the human races.”"
middlesex_agricultural_society,Middlesex Agricultural Society fair and exhibition hall,20,19: The Succession of Forest Trees,3,exhibition hall; fairgrounds,https://closereading.rahuldave.us/books/125/chapters/6980#cell-3,"... The skies were purple with storm clouds, and a silvery rain slanted off and on, dousing the fairgrounds. In an effort to stay dry, people crowded into the exhibition hall, which was “ornamented by suspending carpeting from the upper part of the building.” By two o’clock the weather had cl..."
middlesex_agricultural_society,Middlesex Agricultural Society fair and exhibition hall,20,19: The Succession of Forest Trees,7,Agricultural Fair,https://closereading.rahuldave.us/books/125/chapters/6980#cell-7,"...rescience as well as to the environmentalism he helped inspire. But when he announced at the Agricultural Fair that oak forests were planted by animals, he was saying something entirely new. “On the 24th of September, in ’57, as I was paddling down the Assabet . . . I saw a red squirrel,” he rep..."
middlesex_agricultural_society,Middlesex Agricultural Society fair and exhibition hall,20,19: The Succession of Forest Trees,10,Agricultural Fair,https://closereading.rahuldave.us/books/125/chapters/6980#cell-10,"...uchstone is the seed: an emblem of renewal and vitality. Standing before the audience at the Agricultural Fair, Thoreau announced that he had found some “long extinct plants” growing in the ruins of a cellar. “Though I do not believe that a plant will spring up where no seed has been,” he said, ..."
middlesex_agricultural_society,Middlesex Agricultural Society fair and exhibition hall,27,Index,29,Agricultural Fair,https://closereading.rahuldave.us/books/125/chapters/6987#cell-29,"Agricultural Fair, [190](#pageMap_190)–91, [192](#pageMap_192), [194](#pageMap_194)"
middlesex_agricultural_society,Middlesex Agricultural Society fair and exhibition hall,27,Index,198,Agricultural Fair,https://closereading.rahuldave.us/books/125/chapters/6987#cell-198,"Agricultural Fair in, [190](#pageMap_190)–91, [192](#pageMap_192), [194](#pageMap_194)"
middlesex_agricultural_society,Middlesex Agricultural Society fair and exhibition hall,27,Index,501,Middlesex Agricultural Society,https://closereading.rahuldave.us/books/125/chapters/6987#cell-501,"Middlesex Agricultural Society, [190](#pageMap_190)–91, [192](#pageMap_192), [194](#pageMap_194)"
temple_school_boston,"Temple School, Boston",7,6: A Night at the Lyceum,7,Temple School,https://closereading.rahuldave.us/books/125/chapters/6967#cell-7,"In 1834, the same year he met Emerson, Alcott opened the famous Temple School in Boston, a small academy that drew thirty students from the city’s wealthier families. He filled his school with busts of Plato, Shakespeare, and Jesus. When his pupils asked question..."
temple_school_boston,"Temple School, Boston",7,6: A Night at the Lyceum,14,Temple School,https://closereading.rahuldave.us/books/125/chapters/6967#cell-14,"...terest by the transcendentalists and with outrage by practically everyone else. Visiting the Temple School on her trip through America, the British author Harriet Martineau sniffed that Alcott “presupposes his little pupils possessed of all truth; and that his business is to bring it out int..."
temple_school_boston,"Temple School, Boston",19,18: Meditations in a Garden,8,Temple School,https://closereading.rahuldave.us/books/125/chapters/6979#cell-8,"...eat or speak. Something similar had happened in the 1830s, when he was forced to shutter the Temple School. He had been struck by lethargy, sickened in the soul."
temple_school_boston,"Temple School, Boston",27,Index,48,Temple School,https://closereading.rahuldave.us/books/125/chapters/6987#cell-48,"Temple School of, [52](#pageMap_52)–53, [55](#pageMap_55), [184](#pageMap_184)"
temple_school_boston,"Temple School, Boston",27,Index,756,Temple School,https://closereading.rahuldave.us/books/125/chapters/6987#cell-756,"Temple School, [52](#pageMap_52)–53, [55](#pageMap_55), [184](#pageMap_184)"
concord_library,Concord library,2,1: The Book from Across the Atlantic,27,Concord Library,https://closereading.rahuldave.us/books/125/chapters/6962#cell-27,"...hen pirated editions of the book became available in New England, he secured a copy from the Concord Library and began taking copious notes. He worked his way through its examples and premises and began to apply them to his own research in the forests of his native Massachusetts. Five years ea..."
concord_library,Concord library,7,6: A Night at the Lyceum,38,library book,https://closereading.rahuldave.us/books/125/chapters/6967#cell-38,"...e of things than other men are acquainted with” did in fact exist. But now he remembered the library book he had checked out earlier that day. It sat on the desk in his third-floor attic room, its spine unopened, its pages uncut. It dealt with facts and observations, not abstractions, and i..."
concord_library,Concord library,17,16: Discord in Concord,13,Concord Library,https://closereading.rahuldave.us/books/125/chapters/6977#cell-13,"... Thoreau.” Ripley may have either read the same copy that Thoreau had, borrowing it from the Concord Library, or been provided with a copy of her own by Sanborn. According to her son-in-law, James B. Thayer, “Mr. Sanborn, Mr. Channing, and other friends kept her largely supplied with the new b..."
sanborn_private_school,Franklin Sanborn's private school in Concord,2,1: The Book from Across the Atlantic,2,small private academy,https://closereading.rahuldave.us/books/125/chapters/6962#cell-2,"The house on Sudbury Road belonged to Franklin Benjamin Sanborn, the schoolmaster of a small private academy in Concord, Massachusetts. It was sizable, but then so was Sanborn—so tall and lanky that a Concord farmer once referred to his legs as “God Almighty’s tongs” when he strode across the ..."
sanborn_private_school,Franklin Sanborn's private school in Concord,6,5: Making a Stir,5,private school in Concord,https://closereading.rahuldave.us/books/125/chapters/6966#cell-5,"...ints.” Emerson apparently considered these sufficient qualifications to invite him to open a private school in Concord. Sanborn’s students soon included the transcendentalist’s children, as well as those of Henry James, Sr., Horace Mann, and in the summer of 1860, Nathaniel Hawthorne. Years later Julian..."
sanborn_private_school,Franklin Sanborn's private school in Concord,13,12: Into the Vortex,19,his academy,https://closereading.rahuldave.us/books/125/chapters/6973#cell-19,"...rs, Sarah and Anne, were aged sixteen and thirteen, and Sanborn had persuaded them to attend his academy. “They are bright girls,” he wrote, “though of course unused to the ways of society.” Henry David Thoreau’s mother and sister hosted a welcoming party for the girls, and before long the..."
hillside_chapel,Hillside Chapel,24,23: The Ghost of John Brown,16,Hillside Chapel,https://closereading.rahuldave.us/books/125/chapters/6984#cell-16,"...ol was an instant success. So many students signed up for the first series of courses that a Hillside Chapel was constructed the following year on the slope behind Orchard House. (Louisa contributed much of the endowment to erect the new building.) Modeled on Plato’s Academy, the school conven..."
hillside_chapel,Hillside Chapel,24,23: The Ghost of John Brown,20,Hillside Chapel,https://closereading.rahuldave.us/books/125/chapters/6984#cell-20,"...saw the printing and publication of lectures, and even helped direct the construction of the Hillside Chapel. As a member of the school’s faculty, he lectured on Greek oracles and Latin poetry. Typically he was the person who concluded the session by reading from Thoreau’s manuscripts."
hillside_chapel,Hillside Chapel,27,Index,406,Hillside Chapel,https://closereading.rahuldave.us/books/125/chapters/6987#cell-406,"Hillside Chapel, [236](#pageMap_236), [237](#pageMap_237)"
boston_court_house,Boston Court House,7,6: A Night at the Lyceum,15,Boston Court House,https://closereading.rahuldave.us/books/125/chapters/6967#cell-15,"...ps rifles in their guerrilla war with pro-slavery forces, and had led an assault against the Boston Court House in an effort to free an escaped slave who had been arrested under the Fugitive Slave Act."
boston_court_house,Boston Court House,17,16: Discord in Concord,41,Boston Court House,https://closereading.rahuldave.us/books/125/chapters/6977#cell-41,"The next day Sanborn was taken to the Boston Court House, where Judge Lemuel Shaw, the chief justice of the Massachusetts Supreme Court (and Herman Melville’s father-in-law), listened to his case. Among those who attended the hearing were the..."
boston_wharf,Boston Wharf,3,2: Gray’s Botany,2,the Boston Wharf,https://closereading.rahuldave.us/books/125/chapters/6963#cell-2,"...another three weeks for the book to cross the wintry, storm-tossed Atlantic and to arrive at the Boston Wharf. When it at last appeared on Gray’s desk, it was accompanied by a note from the author that included a plaintive request: “If ever you do read it & can screw out the time to send me . ...."
emerson_woodlot_walden,Emerson's woodlot near Walden Pond,8,7: The Nick of Time,7,parcel of land Emerson owned,https://closereading.rahuldave.us/books/125/chapters/6968#cell-7,"... an antidote to America’s rampant materialism. Prompted by the statement, Thoreau moved to a parcel of land Emerson owned near Walden Pond. In the most celebrated act of his career, he built a rough-hewn shack seventy yards from the shore and commenced his famous experiment to “live deep and suck out all t..."
parker_house_boston,Parker House hotel / Saturday Club dining room,5,4: Word of Mouth,5,Parker House hotel; Saturday Club; School Street; second-floor dining room,https://closereading.rahuldave.us/books/125/chapters/6965#cell-5,"Nowhere was that intellectual culture better represented than by the Saturday Club, a group of literary men and scientists who met informally in the second-floor dining room of the Parker House hotel on School Street. The club, notable for “having no constitution or b..."
parker_house_boston,Parker House hotel / Saturday Club dining room,13,12: Into the Vortex,24,Saturday Club,https://closereading.rahuldave.us/books/125/chapters/6973#cell-24,"...siz, since the Swiss naturalist was a friend of Bronson’s and the two men regularly dined at Saturday Club meetings. (Later that summer another one of Louisa’s stories would share space in the *Atlantic *with Gray’s essay on Darwinism.) But beyond all these connections she would have been in..."
parker_house_boston,Parker House hotel / Saturday Club dining room,16,15: Wildfires,2,Saturday Club,https://closereading.rahuldave.us/books/125/chapters/6976#cell-2,"...pointed to learn of Emerson’s high opinion of *On the Origin of Species. *That spring at the Saturday Club, Louis Agassiz broached the topic of Darwin’s book with Emerson, who apparently had already read portions of the *Origin *sometime after returning from his winter lecture tour. Most lik..."
parker_house_boston,Parker House hotel / Saturday Club dining room,16,15: Wildfires,6,Saturday Club,https://closereading.rahuldave.us/books/125/chapters/6976#cell-6,"... and void. This was one of the reasons he preferred discussing the topic with members of the Saturday Club, who were far more sympathetic to his ideas and who were also more likely to shape public opinion about Darwinian theory than a handful of scientific specialists."
parker_house_boston,Parker House hotel / Saturday Club dining room,16,15: Wildfires,13,Saturday Club,https://closereading.rahuldave.us/books/125/chapters/6976#cell-13,"Bronson Alcott attended this meeting of the Saturday Club, and although he remained mute on the topic in his journal, he instinctively sided with Agassiz. Interested in new ideas, Alcott was not deaf to the melody of Darwin’s thinking; he just..."
parker_house_boston,Parker House hotel / Saturday Club dining room,16,15: Wildfires,14,Saturday Club,https://closereading.rahuldave.us/books/125/chapters/6976#cell-14,"At the next meeting of the Saturday Club, he brought up the topic himself. Henry Wadsworth Longfellow and Oliver Wendell Holmes were in attendance, and the two poets sat flushed and buoyant as they enjoyed their wine and trade..."
parker_house_boston,Parker House hotel / Saturday Club dining room,19,18: Meditations in a Garden,5,Saturday Club,https://closereading.rahuldave.us/books/125/chapters/6979#cell-5,"... South was a relation with evil. Recently he had written his friend and fellow member of the Saturday Club, Oliver Wendell Holmes, to scold him for his continued support of the Union. “And for the Union with Slavery no manly person will suffer a day to go by without discrediting disintegrati..."
parker_house_boston,Parker House hotel / Saturday Club dining room,23,22: At Down House,30,Saturday Club,https://closereading.rahuldave.us/books/125/chapters/6983#cell-30,"... and reasoner.” Around this time, and not coincidentally, he was finally invited to join the Saturday Club."
parker_house_boston,Parker House hotel / Saturday Club dining room,26,Notes,684,Saturday Club,https://closereading.rahuldave.us/books/125/chapters/6986#cell-684,"Emerson, Edward Waldo. *The Early Years of the Saturday Club, 1855–1870. *Boston: Houghton Mifflin, 1918."
parker_house_boston,Parker House hotel / Saturday Club dining room,27,Index,300,Saturday Club,https://closereading.rahuldave.us/books/125/chapters/6987#cell-300,"Saturday Club of, [30](#pageMap_30), [123](#pageMap_123), [147](#pageMap_147), [149](#pageMap_149)–50, [182](#pageMap_182), [230](#pageMap_230)"
parker_house_boston,Parker House hotel / Saturday Club dining room,27,Index,678,Saturday Club,https://closereading.rahuldave.us/books/125/chapters/6987#cell-678,"Saturday Club, [30](#pageMap_30), [123](#pageMap_123), [147](#pageMap_147), [149](#pageMap_149)–50, [182](#pageMap_182), [230](#pageMap_230)"
concord_school_of_philosophy,Concord School of Philosophy,24,23: The Ghost of John Brown,17,Concord School of Philosophy,https://closereading.rahuldave.us/books/125/chapters/6984#cell-17,"If there was an overarching theme to the Concord School of Philosophy, it was that in an era of creeping materialism—of science and technology—idealism was still necessary. Darwinian theory may have helped uncover the physical processes of organic life. I..."
concord_school_of_philosophy,Concord School of Philosophy,24,23: The Ghost of John Brown,18,Concord School of Philosophy,https://closereading.rahuldave.us/books/125/chapters/6984#cell-18,"...y discuss the Unknowable till our poor are fed & the wicked saved?” Louisa once wrote of the Concord School of Philosophy—Bronson continued unperturbed, serenely confident that ideals would triumph in the end, that a higher world would one day be revealed. Well into his eightieth year he traveled west to e..."
concord_school_of_philosophy,Concord School of Philosophy,24,23: The Ghost of John Brown,20,Concord School of Philosophy,https://closereading.rahuldave.us/books/125/chapters/6984#cell-20,"If Alcott’s idealism was the presiding impetus for the Concord School of Philosophy, it was Franklin Sanborn’s organizational talents that made it a reality. He scheduled courses, handled tickets, oversaw the printing and publication of lectures, and even helped direct..."
concord_school_of_philosophy,Concord School of Philosophy,24,23: The Ghost of John Brown,24,Concord School of Philosophy,https://closereading.rahuldave.us/books/125/chapters/6984#cell-24,"...per into retrospection. When Emerson died in 1882, Sanborn organized a special series at the Concord School of Philosophy to commemorate the great man. Bronson and Louisa May Alcott both died six years later, in 1888, and with them went the Concord School of Philosophy. Walt Whitman, who had sat in a Bosto..."
concord_school_of_philosophy,Concord School of Philosophy,26,Notes,584,Concord School of Philosophy,https://closereading.rahuldave.us/books/125/chapters/6986#cell-584,"...the Godhead”](#EndnotePhraseInText531) Kenneth Cameron, *Concord Harvest Publications of the Concord School of Philosophy and Literature with Notes on Its Successors and Other Resources for Research in Emerson, Thoreau, Alcott and the Later Transcendentalists *(Hartford, Conn.: Transcendental Books, 1970),..."
concord_school_of_philosophy,Concord School of Philosophy,26,Notes,656,Concord School of Philosophy,https://closereading.rahuldave.us/books/125/chapters/6986#cell-656,"Cameron, Kenneth Walter. *Concord Harvest Publications of the Concord School of Philosophy and Literature with Notes on Its Successors And Other Resources for Research in Emerson, Thoreau, Alcott and the Later Transcendentalists*. Hartford, Conn.: Transcendental Books, 1970."
concord_school_of_philosophy,Concord School of Philosophy,27,Index,38,Concord School of Philosophy,https://closereading.rahuldave.us/books/125/chapters/6987#cell-38,"Concord School of Philosophy established by, [236](#pageMap_236)–38"
concord_school_of_philosophy,Concord School of Philosophy,27,Index,206,Concord School of Philosophy,https://closereading.rahuldave.us/books/125/chapters/6987#cell-206,"Concord School of Philosophy, [236](#pageMap_236)–39"
concord_school_of_philosophy,Concord School of Philosophy,27,Index,663,Concord School of Philosophy,https://closereading.rahuldave.us/books/125/chapters/6987#cell-663,"Concord School of Philosophy and, [237](#pageMap_237)–39"
barnums_american_museum,Barnum's American Museum,11,10: The What‑Is‑It?,3,American Museum,https://closereading.rahuldave.us/books/125/chapters/6971#cell-3,...nd he traveled to Europe with a dwarf he christened General Tom Thumb. In 1842 he opened his American Museum on the corner of Broadway and Ann Street in lower Manhattan. There he displayed his promiscuous and ever-growing collection of natural and human artifacts. (“My organ of acquisitiveness...
barnums_american_museum,Barnum's American Museum,11,10: The What‑Is‑It?,9,American Museum,https://closereading.rahuldave.us/books/125/chapters/6971#cell-9,"...efore early in 1860 the city’s newspapers began to print a story about a new specimen at the American Museum that had been discovered in Africa by a band of explorers in search of gorillas. Coming upon a small group of these animals, which lived in the canopy of the jungle, the explorers pursu..."
barnums_american_museum,Barnum's American Museum,11,10: The What‑Is‑It?,21,American Museum,https://closereading.rahuldave.us/books/125/chapters/6971#cell-21,Charles Loring Brace walked past the American Museum nearly every day. He would have taken note of the What-Is-It? if for no other reason than that posters advertising the attraction were plastered up and down Broadway. But he was also fa...
barnums_american_museum,Barnum's American Museum,27,Index,77,American Museum,https://closereading.rahuldave.us/books/125/chapters/6987#cell-77,"American Museum, [96](#pageMap_96)–102"
barnums_american_museum,Barnum's American Museum,27,Index,103,American Museum,https://closereading.rahuldave.us/books/125/chapters/6987#cell-103,"American Museum of, [96](#pageMap_96)–102"
john_murray_london,"John Murray publisher, London",2,1: The Book from Across the Atlantic,7,John Murray,https://closereading.rahuldave.us/books/125/chapters/6962#cell-7,"...m a relative. It was thick and compact and green, printed in London by the venerable firm of John Murray, still smelling of ink, the pages cut, the spine broken, and the margins already heavily annotated in pencil. Brace placed the book on Sanborn’s mahogany dinner table. The four men must..."
john_murray_london,"John Murray publisher, London",26,Notes,282,John Murray,https://closereading.rahuldave.us/books/125/chapters/6986#cell-282,"...](#EndnotePhraseInText245) CLB, *The Races of the Old World: A Manual of Ethnology *(London: John Murray, 1863), 147."
john_murray_london,"John Murray publisher, London",26,Notes,490,John Murray,https://closereading.rahuldave.us/books/125/chapters/6986#cell-490,"...](#EndnotePhraseInText440) CLB, *The Races of the Old World: A Manual of Ethnology *(London: John Murray, 1863), 310."
john_murray_london,"John Murray publisher, London",26,Notes,647,John Murray,https://closereading.rahuldave.us/books/125/chapters/6986#cell-647,"———. *The Races of the Old World*. London: John Murray, 1863."
john_murray_london,"John Murray publisher, London",27,Index,436,John Murray,https://closereading.rahuldave.us/books/125/chapters/6987#cell-436,"John Murray, [5](#pageMap_5)"
first_church_concord,First Church in Concord,8,7: The Nick of Time,20,First Church in Concord,https://closereading.rahuldave.us/books/125/chapters/6968#cell-20,"A week later he gave a public address at the First Church in Concord. To those who warned him against defending a traitor, he replied, “I did not send to you for advice, but to announce that I am to speak.” Thoreau’s address was entitled “A Plea for Capt..."
first_church_concord,First Church in Concord,8,7: The Nick of Time,22,bells of the First Church,https://closereading.rahuldave.us/books/125/chapters/6968#cell-22,"...hered in the Town Hall to listen to the solemn eulogies. Civic leaders refused to permit the bells of the First Church to mark the occasion, but Alcott believed “it was more fitting to signify our sorrow in the subdued way, and silently.” The choir sang a hymn; Alcott and Emerson read selections and poe..."
first_church_concord,First Church in Concord,17,16: Discord in Concord,34,bells of the First Church,https://closereading.rahuldave.us/books/125/chapters/6977#cell-34,"... Sanborn’s feet and tried to wedge him into the vehicle, but by this time the fire alarm—the bells of the First Church—was tolling, and a crowd had gathered outside Sanborn’s house. Sarah ran into the street and grabbed the beard of the man holding her brother’s feet. He let go."
first_church_concord,First Church in Concord,25,24: In the Transcendental Graveyard,23,First Church,https://closereading.rahuldave.us/books/125/chapters/6985#cell-23,"...most out of the world.’” Against Thoreau’s wishes, Emerson arranged a funeral service at the First Church, his sorrow “so great he wanted all the world to mourn with him.” Speaking at the memorial, Emerson said of his friend’s unfinished natural history manuscript, “The scale on which his s..."
fruitlands,Fruitlands,19,18: Meditations in a Garden,8,Fruitlands,https://closereading.rahuldave.us/books/125/chapters/6979#cell-8,"...s evils nearly two decades earlier, when he founded an experimental utopian community called Fruitlands. His dream had been to create a self-sufficient society joined in comity and a mutual striving toward perfection. Fruitlands was to be a seed from heaven planted in the yielding earth o..."
fruitlands,Fruitlands,27,Index,42,Fruitlands,https://closereading.rahuldave.us/books/125/chapters/6987#cell-42,"Fruitlands community of, [183](#pageMap_183)–84"
fruitlands,Fruitlands,27,Index,341,Fruitlands,https://closereading.rahuldave.us/books/125/chapters/6987#cell-341,"Fruitlands, [183](#pageMap_183)–84"
north_elba_john_brown_farm,North Elba / John Brown Farm,13,12: Into the Vortex,19,North Elba,https://closereading.rahuldave.us/books/125/chapters/6973#cell-19,"...a for the past month. And he brought with him two guests he had picked up on his way through North Elba, New York, where John Brown’s surviving family still lived. Brown’s youngest daughters, Sarah and Anne, were aged sixteen and thirteen, and Sanborn had persuaded them to attend his acad..."
north_elba_john_brown_farm,North Elba / John Brown Farm,13,12: Into the Vortex,21,North Elba,https://closereading.rahuldave.us/books/125/chapters/6973#cell-21,"...so glad to be inside a warm home in a town that was far removed from the grim subsistence of North Elba. Concord was lively and prosperous. In February there had been a masquerade party for the young people. Ellen Emerson dressed as an old woman, and her younger sister, with whom it was r..."
north_elba_john_brown_farm,North Elba / John Brown Farm,18,17: Moods,4,North Elba,https://closereading.rahuldave.us/books/125/chapters/6978#cell-4,"...son and Abba Alcott hosted a reception for John Brown’s widow, who had come all the way from North Elba, New York, to visit her two youngest daughters at Sanborn’s academy. Mary Brown arrived in Concord with her widowed daughter-in-law, whose husband, Oliver Brown, had fired the first sho..."
north_elba_john_brown_farm,North Elba / John Brown Farm,24,23: The Ghost of John Brown,28,North Elba,https://closereading.rahuldave.us/books/125/chapters/6984#cell-28,"Sometime in the late 1870s he made his way to Brown’s abandoned house in the Adirondacks of North Elba, New York. Brown’s body had been carried back to this home and buried just beyond the spare unpainted house two decades earlier, his grave marker a huge stone with the simple legend JOH..."
cambridge_scientific_society,Cambridge Scientific Society / American Academy meetings,16,15: Wildfires,6,meetings of the society,https://closereading.rahuldave.us/books/125/chapters/6976#cell-6,"In subsequent meetings of the society, the geologist William Barton Rogers would skillfully dismantle most of these arguments. Rogers was the soon-to-be-president of the Massachusetts Institute of Technology. In his debates..."
cambridge_scientific_society,Cambridge Scientific Society / American Academy meetings,20,19: The Succession of Forest Trees,4,American Academy,https://closereading.rahuldave.us/books/125/chapters/6980#cell-4,"...bserved microscopic animals come into existence from decomposing muscle. At a meeting of the American Academy, “Professor Agassiz corroborated Mr. Clark’s statements most fully, and spoke of the discovery as one of the very greatest interest and importance.”"
old_hill_burying_ground_concord,Old Hill Burying Ground / Puritan-era hillside cemetery,2,1: The Book from Across the Atlantic,9,Puritan era; hillside cemetery,https://closereading.rahuldave.us/books/125/chapters/6962#cell-9,"...vered in hillocks of snow and ice. In Concord, along the Lexington Road and before the steep hillside cemetery that dated back to the Puritan era, spare clapboard houses emitted wood smoke from their chimneys, their windows translucent with hoarfrost. Church steeples pointed like compass needles..."
concord_train_station,Concord train station,2,1: The Book from Across the Atlantic,25,Concord train station,https://closereading.rahuldave.us/books/125/chapters/6962#cell-25,"...ibed the book the following morning, a few hours after escorting Charles Loring Brace to the Concord train station. He sat at his desk on the second floor of his home on Sudbury Road and wrote the abolitionist minister Theodore Parker, who was in Italy at the moment. (Parker was trying to recover fr..."
harvard_divinity_school,Harvard Divinity School / Divinity School Address venue,7,6: A Night at the Lyceum,11,Divinity School,https://closereading.rahuldave.us/books/125/chapters/6967#cell-11,"...from within. He became especially outraged when Emerson, speaking by invitation at Harvard’s Divinity School, boldly asserted that God resided within every human being and that intuition was a better guide than religious doctrine. Belief in the miracles performed by Jesus was unnecessary, Emer..."
orchard_house,Orchard House,7,6: A Night at the Lyceum,4,Alcott home,https://closereading.rahuldave.us/books/125/chapters/6967#cell-4,"...trument a bit too readily. Nathaniel Hawthorne, who moved into the old farmhouse next to the Alcott home in the summer of 1860, detested his neighbor’s incessant chatter. On summer mornings, as he paced the hilltop behind his house, he turned in the other direction whenever the older man a..."
orchard_house,Orchard House,13,12: Into the Vortex,5,Orchard House,https://closereading.rahuldave.us/books/125/chapters/6973#cell-5,"...out compromising their inner selves. In *Little Women, *the work that was based upon life at Orchard House and that eventually fulfilled her aspirations for money and fame, Alcott provided a vivid portrait of her writing life. Speaking of her alter ego, Jo March, she wrote: “Every few weeks ..."
orchard_house,Orchard House,18,17: Moods,3,Orchard House,https://closereading.rahuldave.us/books/125/chapters/6978#cell-3,"...na’s marriage. Anna wed John Pratt on a day when the apple blossoms looked like snow outside Orchard House. Louisa’s abolitionist uncle Samuel May performed the service, and Thoreau, Sanborn, and Emerson were in attendance. When the ceremony was over, the small gathering joined hands and dan..."
orchard_house,Orchard House,19,18: Meditations in a Garden,13,Alcott home,https://closereading.rahuldave.us/books/125/chapters/6979#cell-13,"..., Emerson suddenly appeared from the apple orchard. That summer he frequently stopped by the Alcott home, admiring the progress of Bronson’s ambitious garden. In part, this was Emerson’s way of preventing his friend from brooding too much. But he also took childish joy in Alcott’s vegetabl..."
orchard_house,Orchard House,24,23: The Ghost of John Brown,15,Orchard House,https://closereading.rahuldave.us/books/125/chapters/6984#cell-15,"...er course of lectures was planned, and the following year the school opened in the parlor of Orchard House. Two members of the Secret Six were on the faculty (Sanborn lectured on the classics, Thomas Wentworth Higginson on American literature), as well as Benjamin Peirce, the mathematical fr..."
orchard_house,Orchard House,24,23: The Ghost of John Brown,16,Orchard House,https://closereading.rahuldave.us/books/125/chapters/6984#cell-16,"...ies of courses that a Hillside Chapel was constructed the following year on the slope behind Orchard House. (Louisa contributed much of the endowment to erect the new building.) Modeled on Plato’s Academy, the school convened in a large unventilated room still redolent of freshly cut pine, i..."
orchard_house,Orchard House,25,24: In the Transcendental Graveyard,4,Orchard House,https://closereading.rahuldave.us/books/125/chapters/6985#cell-4,"... Thoreau would have discussed these matters with Bronson Alcott. It was his habit to stop by Orchard House on his way out of town to sample Alcott’s excellent cider and inquire about the women of the house. “I think that I love society as much as most,” he had once confessed*, *disputing his..."
orchard_house,Orchard House,25,24: In the Transcendental Graveyard,5,Orchard House,https://closereading.rahuldave.us/books/125/chapters/6985#cell-5,"...r 1: “Confined to my room with influenza.” Now, two days later, Thoreau skipped the visit to Orchard House and walked out of town."
orchard_house,Orchard House,27,Index,589,Orchard House,https://closereading.rahuldave.us/books/125/chapters/6987#cell-589,"Orchard House, [117](#pageMap_117), [172](#pageMap_172), [236](#pageMap_236), [243](#pageMap_243)"
cooper_union,Cooper Union,17,16: Discord in Concord,8,Cooper Union,https://closereading.rahuldave.us/books/125/chapters/6977#cell-8,"...ng suit. Abraham Lincoln had been invited to deliver a speech in late February at New York’s Cooper Union, which stood a block away from Charles Loring Brace’s Children’s Aid Society. A Westerner from humble origins, a melancholy autodidact, Lincoln’s provincial manners concealed a shrewd s..."
cooper_union,Cooper Union,17,16: Discord in Concord,9,Cooper Union,https://closereading.rahuldave.us/books/125/chapters/6977#cell-9,"... he warned, “it will be our duty to deal with you as old John Brown has been dealt with.” At Cooper Union, he again addressed an imaginary crowd of Southern Democrats, accusing, “You charge that we stir up insurrections among your slaves. We deny it; and what is your proof? Harper’s Ferry! ..."
cooper_union,Cooper Union,26,Notes,80,Cooper Union,https://closereading.rahuldave.us/books/125/chapters/6986#cell-80,"[“The South is our best customer”](#EndnotePhraseInText50) Harold Holzer, *Lincoln at Cooper Union: The Speech that Made Abraham Lincoln President *(New York: Simon & Schuster, 2004), 67."
cooper_union,Cooper Union,27,Index,213,Cooper Union,https://closereading.rahuldave.us/books/125/chapters/6987#cell-213,"Cooper Union, [163](#pageMap_163), [164](#pageMap_164)"
cooper_union,Cooper Union,27,Index,539,Cooper Union,https://closereading.rahuldave.us/books/125/chapters/6987#cell-539,"Cooper Union in, [163](#pageMap_163), [164](#pageMap_164)"
fort_sumter,Fort Sumter,1,Preface,0,Fort Sumter,https://closereading.rahuldave.us/books/125/chapters/6961#cell-0,"...ation of Charles Darwin’s *On the Origin of Species.* Like the first mortar shell to land on Fort Sumter, Darwin’s book would produce epochal change and unanticipated aftershocks. It would crash and rumble in expanding circles throughout the nation, disrupting old habits and beliefs, alter..."
fort_sumter,Fort Sumter,24,23: The Ghost of John Brown,3,Fort Sumter,https://closereading.rahuldave.us/books/125/chapters/6984#cell-3,"... it was only a matter of time before slavery would be abolished. Bronson noted the firing on Fort Sumter in red ink in his journal, confident the fighting would at last “give us a nationality.” By this he meant that the North would at last be united in its devotion to freedom and would no ..."
fort_sumter,Fort Sumter,24,23: The Ghost of John Brown,4,Fort Sumter,https://closereading.rahuldave.us/books/125/chapters/6984#cell-4,"...l agree that we have had the pleasantest summer that has been known in years.” The firing on Fort Sumter had galvanized the town, and she could not recall “a more intimate and social town-feeling, caused by the war probably.”"
the_wayside_concord,The Wayside,6,5: Making a Stir,2,old farmhouse,https://closereading.rahuldave.us/books/125/chapters/6966#cell-2,"...lf years old, a bolt of lightning struck the chimney and rattled the windows of his family’s old farmhouse in Hampton Falls, New Hampshire. His sister Sarah ran up the stairs to survey the damage and found her younger brother sitting quietly with a stick in his hand. He explained that he had..."
the_wayside_concord,The Wayside,7,6: A Night at the Lyceum,4,old farmhouse next to the Alcott home,https://closereading.rahuldave.us/books/125/chapters/6967#cell-4,"...me felt he wielded the instrument a bit too readily. Nathaniel Hawthorne, who moved into the old farmhouse next to the Alcott home in the summer of 1860, detested his neighbor’s incessant chatter. On summer mornings, as he paced the hilltop behind his house, he turned in the other direction whenever the older man a..."
jardin_des_plantes,"Jardin des Plantes, Paris",23,22: At Down House,31,Jardin des Plantes,https://closereading.rahuldave.us/books/125/chapters/6983#cell-31,"...ng conferred honorary degrees by Cambridge and Oxford, he returned once more to study at the Jardin des Plantes in Paris. In the spring of 1882, after visiting the botanist Alphonse de Candolle in Geneva, he learned of Darwin’s death. The news staggered him, arriving soon after he learned that bo..."
